id,domain,topic,tier,question,answer_type,cia,trigger,assessment_type,expected_evidence,evidence_source,priority,source_orders
Q-001,Scope & purpose,service definition,1,What services and capabilities are provided by [APPLICATION]?,Long text,C/I/A,always,Both,"Names all included product components, not just functionality",analyst,Critical,1;19
Q-002,Scope & purpose,service definition,3,"Which exact products, components, versions, editions and licence features are included in the assessment scope?",Long text,C/I/A,tier 1 answer lists functions but not components,Both,Itemised component list with versions and editions,drafted,Critical,141
Q-003,Scope & purpose,delivery model,1,"Is [APPLICATION] a tool, platform, web service, software-as-a-service application or licence-based service?",Choice,C/I/A,always,Both,"Delivery model plus maintenance, upgrade and support entitlements",analyst,Critical,2
Q-004,Scope & purpose,business dependency,1,What are the primary business use cases and operational dependencies?,Long text,A,always,Both,Use cases plus operational dependencies and outage tolerance,analyst,Standard,3;20
Q-005,Scope & purpose,business dependency,3,"Which business processes depend on each component, and what is the acceptable impact if the software is unavailable or produces inaccurate results?",Long text,I/A,tier 1 omits outage tolerance,Both,Named processes with tolerable downtime and accuracy impact,drafted,Standard,142
Q-006,Scope & purpose,renewal scope,2,"What maintenance, update and support activities are included in the renewal, and can supplier personnel access any organisational environment?",Long text,C,change.type = renewal,BAU,Support scope plus explicit statement on supplier access paths,drafted,Standard,149
Q-007,Ownership & accountability,system ownership,1,Who is the technical or system owner?,Text,C/I/A,always,Both,"Named individual, plus operational support and endpoint-management owners separately identified",analyst,Critical,4;25
Q-008,Ownership & accountability,risk acceptance,1,Who is accountable for risk acceptance if acceptance is required?,Text,C/I/A,always,Both,Named individual with delegated approval authority stated,analyst,Critical,5
Q-009,Ownership & accountability,supply-chain risk acceptance,2,"Who owns the framework, who owns the affected delivery pipelines, who is accountable for remediation and who is authorised to accept residual supply-chain risk?",Text,C/I,code.dependencies in scope,Both,Named owner for each of the four roles,drafted,Standard,52;71
Q-010,Ownership & accountability,risk treatment,3,"Which identified risks are accepted, treated, transferred or deferred, and who approved each treatment decision?",Long text,C/I/A,assessment nearing closure,Both,Treatment decision and named approver per risk,drafted,Standard,150
Q-011,Information & classification,data types,1,"What types of information does [APPLICATION] process, store or transmit?",Long text,C,always,Both,"Processing, storage locations, transmission paths, derived outputs, logs and temporary artefacts",analyst,Critical,6;22
Q-012,Information & classification,classification,1,What is the highest information classification involved?,Long text,C,always,Both,"Classification mapped to specific datasets and outputs, not stated globally",analyst,Critical,7
Q-013,Information & classification,organisational data,1,Is any information owned by [ORGANISATION] stored in [APPLICATION]?,Boolean,C,always,Both,"Covers local caches, temporary extracts, query results, credentials and exported artefacts",analyst,Critical,8;23
Q-014,Information & classification,data residency,1,Does any information leave the applicable jurisdiction?,Boolean,C,always,Both,"Separately addresses diagnostic information, support artefacts, telemetry, update services and supplier subprocessors",analyst,Critical,9;24
Q-015,Information & classification,sensitive fields,2,Which request and response fields could contain sensitive information?,Long text,C,integration.interfaces contains API,Both,"Field-level identification driving encryption, logging and retention decisions",analyst,Standard,103
Q-016,Information & classification,API payload,1,What information is exchanged through the API?,Long text,C,integration.interfaces contains API,Both,Data types exchanged in both directions,drafted,Critical,72
Q-017,Information & classification,test data,2,What information and credentials are processed by test suites and reporting outputs?,Long text,C,code.test_framework in scope,Both,Data and credential inventory for test execution and reporting,drafted,Standard,59
Q-018,Information & classification,production-derived data,1,Does the framework process production-derived or sensitive test information?,Boolean,C,code.test_framework in scope,Both,Explicit yes/no with evidence of data provenance,drafted,Critical,60
Q-019,Local artefacts & endpoint,written artefacts,2,"What information, metadata, credentials, tokens, logs, exports, cache files and temporary files can each component write to an endpoint, and where are those artefacts stored?",Long text,C,deployment.endpoint_installed = true,Both,Per-component artefact inventory with filesystem locations,drafted,Critical,12;27
Q-020,Local artefacts & endpoint,artefact lifecycle,2,"How are locally stored artefacts encrypted, retained and deleted?",Long text,C,deployment.endpoint_installed = true,Both,"Encryption method, retention period and deletion mechanism",drafted,Standard,28
Q-021,Local artefacts & endpoint,fleet scope,2,"How many devices and users are in scope, which endpoint types are supported, and are installation, configuration and security settings centrally managed and consistently enforced?",Long text,C/I,deployment.endpoint_installed = true,Both,"Device and user counts, endpoint types, and evidence of central enforcement",drafted,Standard,17;36
Q-022,Local artefacts & endpoint,baseline configuration,3,"What endpoint-management groups, baseline configurations and approved security exceptions apply to the software installations?",Long text,C/I,tier 2 claims central management without evidence,Both,"Named management groups, baseline reference and exception register",drafted,Standard,143
Q-023,Local artefacts & endpoint,local processing claim,3,"What evidence demonstrates that processing remains local and that no information is sent through telemetry, diagnostics or other outbound service paths?",Long text,C,supplier claims local-only processing,Both,"Network evidence, not supplier assertion",drafted,Critical,148
Q-024,Supplier & contract,legal review,1,Has the legal function been engaged and reviewed the contract?,Boolean,C/I/A,third_parties is not empty,Both,"Contract status plus security schedules, incident-notification obligations and vulnerability-management commitments",analyst,Critical,11;26
Q-025,Supplier & contract,contractual obligations,3,"What contractual security, confidentiality, incident-notification, vulnerability-remediation and data-handling obligations apply to [SUPPLIER], and have they been reviewed by the appropriate legal and security functions?",Long text,C/I/A,tier 1 confirms review without detail,Both,Clause-level detail with review confirmation from both functions,drafted,Critical,16
Q-026,Supplier & contract,notification timeframes,2,What contractual remediation and notification timeframes apply?,Text,C/I/A,third_parties is not empty,Both,Stated timeframes by severity,drafted,Standard,34
Q-027,Supplier & contract,vulnerability notification,2,How will the supplier notify [ORGANISATION] of vulnerabilities and security incidents?,Long text,C/I/A,third_parties is not empty,Both,"Notification channel, trigger conditions and timeframe",drafted,Standard,33
Q-028,Support & diagnostics,diagnostic transfer,3,"During support or troubleshooting, what screenshots, logs, extracts or other diagnostic artefacts may be provided to [SUPPLIER], and what review, redaction, approval and transfer controls apply?",Long text,C,third_parties is not empty,Both,"Artefact types plus the review, redaction, approval and transfer control at each step",drafted,Critical,13;29
Q-029,Identity & access,user authentication,1,How are users authenticated?,Long text,C,always,Both,Authentication method named,drafted,Critical,130
Q-030,Identity & access,user authentication,2,"How are users authenticated and authorised, including privileged users?",Long text,C,always,Both,"Authentication and authorisation, with privileged users addressed separately",drafted,Critical,30
Q-031,Identity & access,user authentication,3,"Identify every authentication path available to standard users, external users, administrators, support personnel and emergency accounts. For each path, state whether SSO and MFA are mandatory and provide tenant-level configuration evidence.",Long text,C,tier 2 answer omits a user population or gives no config evidence,Both,Complete path enumeration with tenant configuration evidence per path,drafted,Critical,14;138
Q-032,Identity & access,SSO enforcement,1,Is SSO enforced for all users?,Boolean,C,identity.sso_claimed = true,Both,Yes/no with scope of 'all',drafted,Critical,118
Q-033,Identity & access,SSO bypass,3,List every account that can bypass federated SSO.,Long text,C,SSO claimed as enforced,Both,Account-level list; local and external accounts may bypass enterprise controls,analyst,Critical,134
Q-034,Identity & access,local accounts,1,Are local accounts disabled or restricted?,Boolean,C,identity.sso_claimed = true,Both,Status of local account availability,drafted,Standard,119
Q-035,Identity & access,break-glass,3,"How are break-glass accounts controlled, monitored and tested?",Long text,C,emergency or break-glass accounts exist,Both,"Control, monitoring and test regime; emergency accounts can create an unmanaged privileged path",analyst,Critical,135
Q-036,Identity & access,admin MFA,1,Is MFA enforced for administrators?,Boolean,C,always,Both,Yes/no for administrative accounts specifically,drafted,Critical,120
Q-037,Identity & access,admin MFA,2,Which administrative systems enforce MFA?,Long text,C,multiple admin surfaces exist,Both,System-by-system enforcement status,drafted,Standard,88
Q-038,Identity & access,external users,2,How are external users authenticated?,Long text,C,external or guest users in scope,Both,Authentication path for non-employee users,drafted,Standard,121
Q-039,Identity & access,password policy,2,What password settings can the customer configure?,Long text,C,hosting.model = SaaS,Both,Configurable policy parameters and current values,drafted,Contextual,122
Q-040,Identity & access,privileged access,2,How is privileged access protected?,Long text,C,always,Both,Protection mechanism for elevated accounts,drafted,Critical,84;98
Q-041,Identity & access,joiner-mover-leaver,2,How is access removed when personnel leave or change roles?,Long text,C,always,Both,"Trigger, responsible party and timeframe for revocation",drafted,Standard,85
Q-042,Identity & access,temporary access,2,"How is temporary access approved, expired and evidenced?",Long text,C,temporary or elevated access used,Both,"Approval, automatic expiry and evidence trail",drafted,Standard,86
Q-043,Identity & access,account attribution,1,Are shared or generic accounts attributable to individual users?,Boolean,C/I,always,Both,Attribution mechanism where shared accounts exist,drafted,Standard,87
Q-044,Identity & access,role permissions,2,"What actions can each application role perform, including data export, configuration changes and administration?",Long text,C/I,application has role model,Both,Permission matrix by role,drafted,Standard,146
Q-045,Identity & access,planned integration,2,"Is the planned identity integration operational in production, and if not, what interim authentication and access controls are in place?",Boolean,C,identity integration described as planned,Both,Production status; a planned integration is not an implemented control,drafted,Critical,145
Q-046,API security,API authentication,1,How is access to the API authenticated and authorised?,Long text,C,integration.interfaces contains API,Both,Authentication and authorisation mechanism,drafted,Critical,74;94
Q-047,API security,API authentication,2,What exact mechanism authenticates each API request?,Long text,C,integration.interfaces contains API,Both,Per-request mechanism; encryption does not establish that the calling system is authorised,analyst,Critical,99
Q-048,API security,API authentication,3,"Describe the complete authentication and authorisation sequence for a request from [ORGANISATION] to the API, including the identity used, credential type, credential owner, storage location, permissions, rotation process, revocation process and failure handling.",Long text,C,tier 2 answer names a mechanism without lifecycle detail,Both,End-to-end sequence covering all nine listed elements,drafted,Critical,107
Q-049,API security,credential lifecycle,2,"Where are API credentials created, stored, rotated and revoked?",Text,C,integration.interfaces contains API,Both,"Creation, storage, rotation and revocation; credential compromise permits unauthorised automated access",analyst,Critical,100
Q-050,API security,access restriction,2,"Is access restricted by source network, certificate, workload identity or approved endpoint?",Boolean,C,integration.interfaces contains API,Both,Restrictions beyond a single credential,analyst,Standard,101
Q-051,API security,rate limiting,2,"Are request rate limits, throttling and abuse-detection rules configured?",Boolean,A,integration.interfaces contains API,Both,Configured limits; excessive or malicious requests could affect availability,analyst,Standard,102
Q-052,API security,API segmentation,1,"Are API services separated by audience, trust zone or information sensitivity?",Boolean,C,integration.interfaces contains API,Both,Separation model,drafted,Standard,75;92
Q-053,Network & architecture,hosting model,1,"Is [APPLICATION] cloud-hosted, on-premises or hybrid?",Choice,C/A,always,Both,"Hosting model plus network communications, dependencies and identity integrations",analyst,Critical,10;21
Q-054,Network & architecture,dependencies,2,What network connections and external service dependencies are required?,Long text,C/A,always,Both,Inbound and outbound connections with purpose,drafted,Standard,35
Q-055,Network & architecture,outbound destinations,3,"What network destinations does each component contact during normal use, sign-in, updates, telemetry and support activities?",Long text,C,tier 2 omits telemetry or update paths,Both,Destination list per component per activity type,drafted,Critical,144
Q-056,Network & architecture,architecture documentation,1,Is a current network architecture diagram available?,Boolean,C/I/A,always,Project,Diagram exists and is current,drafted,Standard,76;93
Q-057,Network & architecture,architecture documentation,3,"Provide the current logical architecture showing externally reachable endpoints, trust boundaries, security gateways, authentication components, supporting services, administrative interfaces and logging destinations.",Long text,C/I/A,tier 1 confirms a diagram exists but it lacks trust boundaries,Project,Diagram covering all seven listed elements,drafted,Critical,108
Q-058,Network & architecture,environment separation,3,"What environments can the framework access, what network paths exist between those environments and production, and are any production-derived datasets or reusable credentials present?",Long text,C,code.test_framework in scope,Both,"Environment inventory, network paths and credential reuse status",drafted,Critical,47;61
Q-059,Encryption,data in transit,1,How is data protected in transit?,Long text,C,always,Both,Protocol and version,drafted,Critical,73;91
Q-060,Vulnerability management,vuln process,1,"How are vulnerabilities identified, prioritised and remediated?",Long text,I,always,Both,"Identification, prioritisation and remediation described",drafted,Critical,77;95
Q-061,Vulnerability management,patch schedule,1,Are patching activities performed according to documented schedules?,Boolean,I,always,Both,Documented schedule exists,drafted,Standard,78
Q-062,Vulnerability management,remediation targets,1,Are risk-based remediation targets defined?,Boolean,I,always,Both,Targets defined by severity,drafted,Standard,79
Q-063,Vulnerability management,update deployment,2,"How are security updates identified, tested, approved and deployed, and what are the expected remediation timeframes for critical and high-severity vulnerabilities?",Long text,I,always,Both,Four-stage process plus stated timeframes by severity,drafted,Critical,18
Q-064,Vulnerability management,vuln process,3,"Describe how vulnerabilities are identified and remediated, including scanning frequency, severity methodology, remediation targets, exception approval, overdue escalation and remediation verification.",Long text,I,tier 1 or 2 answer describes intent without operating detail,Both,All six elements addressed,drafted,Critical,109
Q-065,Vulnerability management,worked example,3,"Provide a recent example of a vulnerability being identified, prioritised, patched and verified.",Long text,I,process described but not evidenced,Both,A worked example demonstrates whether the process operates in practice,analyst,Critical,106
Q-066,Vulnerability management,open improvements,2,"Which security improvements are incomplete, and what evidence will demonstrate completion?",Text,C/I/A,supplier or owner references planned improvements,Both,Named improvements with completion evidence defined,drafted,Standard,89;90
Q-067,Secure development & supply chain,SDLC controls,2,"Which secure-development, dependency-management, vulnerability-disclosure and patch-notification controls are currently operational, and which are planned but not yet implemented?",Long text,I,code in scope,Both,Operational and planned controls listed separately,drafted,Critical,15;32
Q-068,Secure development & supply chain,component inventory,1,"What tools, libraries and versions form part of the framework?",Text,I,code.dependencies in scope,Both,"Inventory distinguishing direct, transitive, development-only and runtime components",analyst,Critical,39;53
Q-069,Secure development & supply chain,component inventory,2,"Which components are direct dependencies, transitive dependencies, runtime components or development-only tools?",Long text,I,tier 1 inventory does not distinguish types,Both,Each component categorised,drafted,Standard,55
Q-070,Secure development & supply chain,artefact availability,2,"Which components are available as source code, packages or binaries, and what assessment method will be used for each artefact type?",Long text,I,code.dependencies in scope,Both,Artefact type and assessment method per component,drafted,Standard,40;50;57
Q-071,Secure development & supply chain,pipeline scanning,1,What code and dependency scanning is applied?,Text,I,code in scope,Both,Scanning tools and scope,drafted,Critical,41;42;56
Q-072,Secure development & supply chain,scan enforcement,1,Are scans mandatory and build-blocking?,Boolean,I,code in scope,Both,"Enforcement status, not availability",drafted,Critical,63
Q-073,Secure development & supply chain,scan coverage,1,"Do scans cover direct, transitive and container or binary dependencies?",Boolean,I,code.dependencies in scope,Both,Coverage by dependency type,drafted,Standard,64
Q-074,Secure development & supply chain,scan enforcement,3,"For each repository and component, when is scanning executed, what dependency types are covered, what findings block builds, who reviews results and how are exceptions approved?",Long text,I,tier 1 confirms scanning without enforcement detail,Both,"Per-repository detail on timing, coverage, thresholds, reviewers and exceptions",analyst,Critical,44
Q-075,Secure development & supply chain,scan coverage,3,"What direct and transitive dependency coverage did the scan achieve, which repositories and versions were scanned, and what evidence confirms that all in-scope components were included?",Long text,I,scan results presented without coverage evidence,Both,Coverage figures with evidence of completeness,drafted,Critical,45
Q-076,Secure development & supply chain,package behaviour,3,"Which listed packages are actually invoked by the framework, what resources do they access and what information, credentials or secrets do they process?",Long text,C/I,inventory provided but behaviour unknown,Both,Invocation status and resource access per package,drafted,Standard,46
Q-077,Secure development & supply chain,component provenance,3,"How is each open-source component assessed for maintainer reputation, release provenance, maintenance activity, vulnerability disclosure, licence obligations and risk of abandonment?",Long text,I,open-source components in scope,Both,Assessment method covering all six criteria,drafted,Standard,48
Q-078,Secure development & supply chain,component currency,3,"Who verifies that package versions remain supported and current, how frequently is this reviewed and what is the process for replacing deprecated or unmaintained components?",Text,I,open-source components in scope,Both,"Named owner, review frequency and replacement process",drafted,Standard,49;68
Q-079,Secure development & supply chain,package integrity,2,How are package provenance and integrity verified?,Long text,I,code.dependencies in scope,Both,Verification mechanism such as signing or checksum,drafted,Standard,66
Q-080,Secure development & supply chain,dependency approval,2,How are new or upgraded dependencies approved?,Long text,I,code.dependencies in scope,Both,Approval gate and approver,drafted,Standard,67
Q-081,Secure development & supply chain,finding ownership,2,Who reviews findings and owns remediation?,Text,I,code in scope,Both,Named reviewer and remediation owner,drafted,Standard,65
Q-082,Secure development & supply chain,usage tracing,2,"Which projects, repositories and pipelines use the shared framework or its common libraries, and how is dependency usage traced across them?",Long text,I,shared framework or library in scope,Both,Consumer inventory and tracing mechanism,drafted,Critical,43;54;69
Q-083,Secure development & supply chain,pipeline protection,2,"How are repositories, pipelines, package feeds and secrets protected?",Long text,C/I,code in scope,Both,Protection mechanism for each of the four,drafted,Critical,62
Q-084,Secure development & supply chain,dependency incident response,2,What incident-response process applies to a compromised dependency?,Long text,C/I/A,code.dependencies in scope,Both,"Detection, containment and remediation path",drafted,Standard,70
Q-085,Change & release management,change control,2,"How are changes to the shared framework reviewed, approved, tested, versioned and distributed to consuming projects?",Long text,I/A,shared framework or library in scope,Both,"All five stages, with distribution mechanism to consumers",drafted,Critical,51;58
Q-086,Change & release management,version management,2,"How are software versions, configurations and updates centrally managed?",Long text,I,deployment.endpoint_installed = true,Both,Central management tooling and enforcement,drafted,Standard,31
Q-087,Logging & monitoring,logged events,1,What events are logged?,Long text,C/I,always,Both,Event types enumerated,drafted,Critical,113;126
Q-088,Logging & monitoring,logged events,2,"What API, authentication, administrative and system events are logged, where are they retained, and who reviews them?",Long text,C/I,always,Both,Event coverage plus retention location and reviewer,drafted,Critical,80;147
Q-089,Logging & monitoring,logged events,3,"List all security events generated for the service and supporting environment, their review frequency, alert thresholds, retention periods, escalation paths and evidence-access arrangements.",Long text,C/I,tier 2 says logs are generated without forensic detail,Both,All six elements per event type,drafted,Critical,110
Q-090,Logging & monitoring,audit configuration,3,"Provide the current tenant audit configuration, including enabled event types, retention, alerting, administrator review and export capability.",Long text,C/I,hosting.model = SaaS and logging claimed,Both,"Tenant-level configuration evidence, not product capability",drafted,Critical,139
Q-091,Logging & monitoring,authentication logging,1,Are successful and failed authentication events recorded?,Boolean,C,always,Both,Both success and failure covered,drafted,Critical,114;127
Q-092,Logging & monitoring,authentication logging,2,"Are successful requests, failed requests, authentication failures and administrative changes logged?",Boolean,C/I,always,Both,A statement that logs are generated does not establish adequate forensic coverage,analyst,Critical,104
Q-093,Logging & monitoring,authentication logging,3,Provide evidence that successful login tracking is enabled in the production tenant.,Long text,C,logging capability confirmed but not evidenced,Both,Production configuration evidence; a configurable feature is not an implemented control,analyst,Critical,132
Q-094,Logging & monitoring,retention,1,How long are logs retained?,Long text,C/I,always,Both,Retention period stated,drafted,Standard,81
Q-095,Logging & monitoring,retention,2,"Is the log-retention period aligned with contractual, incident-response and regulatory requirements?",Boolean,C/I,always,Both,Alignment demonstrated; logs may be deleted before suspicious activity is discovered,analyst,Standard,105
Q-096,Logging & monitoring,log review,2,How are security events reviewed and escalated?,Long text,C/I,always,Both,Review process and escalation path,drafted,Standard,82;96
Q-097,Logging & monitoring,log review,3,"Who reviews administrator and authentication activity, at what frequency and against which criteria?",Text,C/I,reporting available but review process unclear,Both,"Named reviewer, frequency and criteria; reports provide little value without an accountable review process",analyst,Critical,133
Q-098,Logging & monitoring,customer visibility,1,Can activity reporting be enabled for customer administrators?,Boolean,C/I,hosting.model = SaaS,Both,Availability to customer administrators,drafted,Standard,115;128
Q-099,Logging & monitoring,alerting,1,Can critical events generate alerts?,Boolean,C/I,always,Both,Alerting capability and configuration,drafted,Standard,116
Q-100,Logging & monitoring,SIEM integration,1,Can logs be integrated with the customer's monitoring environment?,Boolean,C/I,hosting.model = SaaS,Both,Export or streaming mechanism,drafted,Standard,117;129
Q-101,Logging & monitoring,investigation support,1,Can logs and evidence be supplied to [ORGANISATION] during an investigation?,Boolean,C/I,third_parties is not empty,Both,Commitment and mechanism for evidence provision,drafted,Critical,83;97
Q-102,Assurance & certification,certifications,1,"Which assurance frameworks and certifications apply to the service, and what independent audits are performed?",Long text,C/I/A,third_parties is not empty,Both,Named certifications with currency dates,drafted,Critical,111;112;125
Q-103,Assurance & certification,audit scope,3,"Provide the independent assurance evidence applicable to the service, including scope, exclusions, subservice organisations, exceptions and remediation status.",Long text,C/I/A,certification named without scope detail,Both,Certification alone does not establish that the assessed service and supporting components were in scope,analyst,Critical,136;140
Q-104,Incident history,supplier incidents,1,"Has the supplier experienced a relevant security incident, and was customer information affected?",Boolean,C/I/A,third_parties is not empty,Both,Incident history with impact statement,drafted,Critical,123;124;131
Q-105,Incident history,supplier incidents,3,Provide a redacted incident chronology and the basis for concluding that customer application data was unaffected.,Long text,C,supplier asserts no customer impact,Both,Supplier assurance should be supported by investigation evidence,analyst,Critical,137
